<?xml version="1.0" encoding="UTF-8"?><project-private xmlns="http://www.netbeans.org/ns/project-private/1">
    <editor-bookmarks xmlns="http://www.netbeans.org/ns/editor-bookmarks/1"/>
    <open-files xmlns="http://www.netbeans.org/ns/projectui-open-files/1">
        <file>file:/C:/Users/Peter/Dropbox/MPLABXProjects/MM46/IOPorts.h</file>
        <file>file:/C:/Users/Peter/Dropbox/MPLABXProjects/MM46/Main.c</file>
        <file>file:/C:/Users/Peter/Dropbox/MPLABXProjects/MM46/MM_Misc.c</file>
        <file>file:/C:/Users/Peter/Dropbox/MPLABXProjects/MM46/MM_Custom.c</file>
        <file>file:/C:/Users/Peter/Dropbox/MPLABXProjects/MM46/MMBasic/Custom.c</file>
    </open-files>
</project-private>
