<?xml version="1.0" encoding="UTF-8"?>
<project-private xmlns="http://www.netbeans.org/ns/project-private/1">
    <editor-bookmarks xmlns="http://www.netbeans.org/ns/editor-bookmarks/2" lastBookmarkId="0"/>
    <open-files xmlns="http://www.netbeans.org/ns/projectui-open-files/2">
        <group>
            <file>file:/D:/rabotni/Spas/P32MZ_plib/MPLAB_Prj/MM%205.3E/Source/General/MM_Misc.c</file>
            <file>file:/D:/rabotni/Spas/P32MZ_plib/MPLAB_Prj/MM%205.3E/Source/Main.c</file>
            <file>file:/D:/rabotni/Spas/P32MZ_plib/MPLAB_Prj/MM%205.3E/Source/MZEF/FileIO.h</file>
            <file>file:/D:/rabotni/Spas/P32MZ_plib/MPLAB_Prj/MM%205.3E/Source/MZEF/MiscMZEF.c</file>
            <file>file:/D:/rabotni/Spas/P32MZ_plib/MPLAB_Prj/MM%205.3E/Source/MZEF/FileIO.c</file>
            <file>file:/D:/rabotni/Spas/P32MZ_plib/MPLAB_Prj/MM%205.3E/Source/General/SerialFileIO.c</file>
            <file>file:/D:/rabotni/Spas/P32MZ_plib/MPLAB_Prj/MM%205.3E/Source/MZEF/SDCard/Microchip/MDD%20File%20System/SD-SPI.c</file>
            <file>file:/D:/rabotni/Spas/P32MZ_plib/MPLAB_Prj/MM%205.3E/Source/Version.h</file>
            <file>file:/D:/rabotni/Spas/P32MZ_plib/MPLAB_Prj/MM%205.3E/Source/General/Flash.c</file>
            <file>file:/D:/rabotni/Spas/P32MZ_plib/MPLAB_Prj/MM%205.3E/Source/General/XModem.c</file>
        </group>
    </open-files>
</project-private>
