<?xml version="1.0" encoding="UTF-8"?>
<configurationDescriptor version="62">
  <logicalFolder name="root" displayName="root" projectFiles="true">
    <logicalFolder name="HeaderFiles"
                   displayName="Header Files"
                   projectFiles="true">
      <logicalFolder name="Fonts" displayName="Fonts" projectFiles="true">
        <itemPath>../Fonts/ArialNumFontPlus.h</itemPath>
        <itemPath>../Fonts/Hom_16x24_BLD.h</itemPath>
        <itemPath>../Fonts/Hom_16x24_LE.h</itemPath>
        <itemPath>../Fonts/Inconsola.h</itemPath>
        <itemPath>../Fonts/Misc_12x20_LE.h</itemPath>
        <itemPath>../Fonts/X_8x13_LE.h</itemPath>
        <itemPath>../Fonts/Full_12x20_8859_15.h</itemPath>
        <itemPath>../Fonts/Full_10x16_8859_15.h</itemPath>
        <itemPath>../Fonts/Full_10x20_8859_15.h</itemPath>
      </logicalFolder>
      <logicalFolder name="General" displayName="General" projectFiles="true">
        <itemPath>../General/Editor.h</itemPath>
        <itemPath>../General/External.h</itemPath>
        <itemPath>../General/Flash.h</itemPath>
        <itemPath>../General/Memory.h</itemPath>
        <itemPath>../General/MM_Custom.h</itemPath>
        <itemPath>../General/MM_Misc.h</itemPath>
        <itemPath>../General/Onewire.h</itemPath>
        <itemPath>../General/PWM.h</itemPath>
        <itemPath>../General/SerialFileIO.h</itemPath>
        <itemPath>../General/SPI.h</itemPath>
        <itemPath>../General/Timers.h</itemPath>
        <itemPath>../General/I2C.h</itemPath>
        <itemPath>../General/Touch.h</itemPath>
        <itemPath>../General/Draw.h</itemPath>
        <itemPath>../General/SPI-LCD.h</itemPath>
      </logicalFolder>
      <logicalFolder name="MMBasic" displayName="MMBasic" projectFiles="true">
        <itemPath>../MMBasic/Commands.h</itemPath>
        <itemPath>../MMBasic/Custom.h</itemPath>
        <itemPath>../MMBasic/Functions.h</itemPath>
        <itemPath>../MMBasic/MMBasic.h</itemPath>
        <itemPath>../MMBasic/Operators.h</itemPath>
      </logicalFolder>
      <logicalFolder name="MX470" displayName="MX470" projectFiles="true">
        <logicalFolder name="ImageDecoders"
                       displayName="ImageDecoders"
                       projectFiles="true">
          <itemPath>../MX470/ImageDecoders/BmpDecoder.h</itemPath>
        </logicalFolder>
        <logicalFolder name="SDCard" displayName="SDCard" projectFiles="true">
          <logicalFolder name="Microchip" displayName="Microchip" projectFiles="true">
            <logicalFolder name="Include" displayName="Include" projectFiles="true">
              <logicalFolder name="MDD File System"
                             displayName="MDD File System"
                             projectFiles="true">
                <itemPath>../MX470/SDCard/Microchip/Include/MDD File System/FSDefs.h</itemPath>
                <itemPath>../MX470/SDCard/Microchip/Include/MDD File System/FSIO.h</itemPath>
                <itemPath>../MX470/SDCard/Microchip/Include/MDD File System/SD-SPI.h</itemPath>
              </logicalFolder>
              <itemPath>../MX470/SDCard/Microchip/Include/Compiler.h</itemPath>
              <itemPath>../MX470/SDCard/Microchip/Include/GenericTypeDefs.h</itemPath>
            </logicalFolder>
          </logicalFolder>
          <itemPath>../MX470/SDCard/FSconfig.h</itemPath>
          <itemPath>../MX470/SDCard/HardwareProfile.h</itemPath>
          <itemPath>../MX470/SDCard/SDCard.h</itemPath>
        </logicalFolder>
        <logicalFolder name="USB" displayName="USB" projectFiles="true">
          <logicalFolder name="Microchip" displayName="Microchip" projectFiles="true">
            <logicalFolder name="Include" displayName="Include" projectFiles="true">
              <logicalFolder name="USB" displayName="USB" projectFiles="true">
                <itemPath>../MX470/USB/Microchip/Include/USB/usb.h</itemPath>
                <itemPath>../MX470/USB/Microchip/Include/USB/usb_ch9.h</itemPath>
                <itemPath>../MX470/USB/Microchip/Include/USB/usb_common.h</itemPath>
                <itemPath>../MX470/USB/Microchip/Include/USB/usb_device.h</itemPath>
                <itemPath>../MX470/USB/Microchip/Include/USB/usb_function_cdc.h</itemPath>
                <itemPath>../MX470/USB/Microchip/Include/USB/usb_hal.h</itemPath>
                <itemPath>../MX470/USB/Microchip/Include/USB/usb_hal_pic32.h</itemPath>
              </logicalFolder>
              <itemPath>../MX470/USB/Microchip/Include/Compiler.h</itemPath>
              <itemPath>../MX470/USB/Microchip/Include/GenericTypeDefs.h</itemPath>
            </logicalFolder>
            <logicalFolder name="USB" displayName="USB" projectFiles="true">
              <logicalFolder name="CDC Device Driver"
                             displayName="CDC Device Driver"
                             projectFiles="true">
              </logicalFolder>
            </logicalFolder>
          </logicalFolder>
          <itemPath>../MX470/USB/HardwareProfile - PIC32MX795F512L PIM.h</itemPath>
          <itemPath>../MX470/USB/HardwareProfile.h</itemPath>
          <itemPath>../MX470/USB/usb_config.h</itemPath>
        </logicalFolder>
        <itemPath>../MX470/Configuration.h</itemPath>
        <itemPath>../MX470/Configuration_Bits.h</itemPath>
        <itemPath>../MX470/Console.h</itemPath>
        <itemPath>../MX470/FileIO.h</itemPath>
        <itemPath>../MX470/IOPorts.h</itemPath>
        <itemPath>../MX470/Serial.h</itemPath>
        <itemPath>../MX470/SSD1963.h</itemPath>
        <itemPath>../MX470/Keyboard.h</itemPath>
        <itemPath>../MX470/GUI.h</itemPath>
        <itemPath>../MX470/FWUpdate.h</itemPath>
        <itemPath>../MX470/Audio.h</itemPath>
        <itemPath>../MX470/XModem.h</itemPath>
      </logicalFolder>
      <itemPath>../Hardware_Includes.h</itemPath>
      <itemPath>../MMBasic_Includes.h</itemPath>
      <itemPath>../Version.h</itemPath>
      <itemPath>../Main.h</itemPath>
    </logicalFolder>
    <logicalFolder name="LinkerScript"
                   displayName="Linker Files"
                   projectFiles="true">
      <itemPath>../MX470/LD/mmp_p32MX470F512L_ba.ld</itemPath>
    </logicalFolder>
    <logicalFolder name="SourceFiles"
                   displayName="Source Files"
                   projectFiles="true">
      <logicalFolder name="General" displayName="General" projectFiles="true">
        <itemPath>../General/Editor.c</itemPath>
        <itemPath>../General/External.c</itemPath>
        <itemPath>../General/Flash.c</itemPath>
        <itemPath>../General/Memory.c</itemPath>
        <itemPath>../General/MM_Custom.c</itemPath>
        <itemPath>../General/MM_Misc.c</itemPath>
        <itemPath>../General/Onewire.c</itemPath>
        <itemPath>../General/PWM.c</itemPath>
        <itemPath>../General/SerialFileIO.c</itemPath>
        <itemPath>../General/SPI.c</itemPath>
        <itemPath>../General/Timers.c</itemPath>
        <itemPath>../General/I2C.c</itemPath>
        <itemPath>../General/Touch.c</itemPath>
        <itemPath>../General/Draw.c</itemPath>
        <itemPath>../General/SPI-LCD.c</itemPath>
        <itemPath>../General/CFunctions.c</itemPath>
      </logicalFolder>
      <logicalFolder name="MMBasic" displayName="MMBasic" projectFiles="true">
        <itemPath>../MMBasic/Commands.c</itemPath>
        <itemPath>../MMBasic/Custom.c</itemPath>
        <itemPath>../MMBasic/Functions.c</itemPath>
        <itemPath>../MMBasic/MMBasic.c</itemPath>
        <itemPath>../MMBasic/Operators.c</itemPath>
      </logicalFolder>
      <logicalFolder name="MX470" displayName="MX470" projectFiles="true">
        <logicalFolder name="ImageDecoders"
                       displayName="ImageDecoders"
                       projectFiles="true">
          <itemPath>../MX470/ImageDecoders/BmpDecoder.c</itemPath>
        </logicalFolder>
        <logicalFolder name="SDCard" displayName="SDCard" projectFiles="true">
          <logicalFolder name="Microchip" displayName="Microchip" projectFiles="true">
            <logicalFolder name="MDD File System"
                           displayName="MDD File System"
                           projectFiles="true">
              <itemPath>../MX470/SDCard/Microchip/MDD File System/FSIO.c</itemPath>
              <itemPath>../MX470/SDCard/Microchip/MDD File System/SD-SPI.c</itemPath>
            </logicalFolder>
          </logicalFolder>
        </logicalFolder>
        <logicalFolder name="USB" displayName="USB" projectFiles="true">
          <logicalFolder name="Microchip" displayName="Microchip" projectFiles="true">
            <logicalFolder name="Include" displayName="Include" projectFiles="true">
              <logicalFolder name="USB" displayName="USB" projectFiles="true">
              </logicalFolder>
            </logicalFolder>
            <logicalFolder name="USB" displayName="USB" projectFiles="true">
              <logicalFolder name="CDC Device Driver"
                             displayName="CDC Device Driver"
                             projectFiles="true">
                <itemPath>../MX470/USB/Microchip/USB/CDC Device Driver/usb_function_cdc.c</itemPath>
              </logicalFolder>
              <itemPath>../MX470/USB/Microchip/USB/usb_device.c</itemPath>
            </logicalFolder>
          </logicalFolder>
          <itemPath>../MX470/USB/usb_descriptors.c</itemPath>
        </logicalFolder>
        <itemPath>../MX470/Console.c</itemPath>
        <itemPath>../MX470/FileIO.c</itemPath>
        <itemPath>../MX470/MiscMX470.c</itemPath>
        <itemPath>../MX470/Serial.c</itemPath>
        <itemPath>../MX470/SSD1963.c</itemPath>
        <itemPath>../MX470/Keyboard.c</itemPath>
        <itemPath>../MX470/GUI.c</itemPath>
        <itemPath>../MX470/FWUpdate.c</itemPath>
        <itemPath>../MX470/Audio.c</itemPath>
        <itemPath>../MX470/XModem.c</itemPath>
      </logicalFolder>
      <itemPath>../Main.c</itemPath>
    </logicalFolder>
    <logicalFolder name="ExternalFiles"
                   displayName="Important Files"
                   projectFiles="false">
      <itemPath>Makefile</itemPath>
    </logicalFolder>
  </logicalFolder>
  <sourceRootList>
    <Elem>..</Elem>
    <Elem>../../../../../../MPLAB_Prj/mmp_bottloader/mmp_bootloader.X/ld/32MX470F512L</Elem>
  </sourceRootList>
  <projectmakefile>Makefile</projectmakefile>
  <confs>
    <conf name="default" type="2">
      <toolsSet>
        <developmentServer>localhost</developmentServer>
        <targetDevice>PIC32MX470F512L</targetDevice>
        <targetHeader></targetHeader>
        <targetPluginBoard></targetPluginBoard>
        <platformTool>PICkit3PlatformTool</platformTool>
        <languageToolchain>XC32</languageToolchain>
        <languageToolchainVersion>1.42</languageToolchainVersion>
        <platform>3</platform>
      </toolsSet>
      <compileType>
        <linkerTool>
          <linkerLibItems>
          </linkerLibItems>
        </linkerTool>
        <archiverTool>
        </archiverTool>
        <loading>
          <useAlternateLoadableFile>false</useAlternateLoadableFile>
          <parseOnProdLoad>true</parseOnProdLoad>
          <alternateLoadableFile></alternateLoadableFile>
        </loading>
        <subordinates>
        </subordinates>
      </compileType>
      <makeCustomizationType>
        <makeCustomizationPreStepEnabled>false</makeCustomizationPreStepEnabled>
        <makeCustomizationPreStep></makeCustomizationPreStep>
        <makeCustomizationPostStepEnabled>false</makeCustomizationPostStepEnabled>
        <makeCustomizationPostStep></makeCustomizationPostStep>
        <makeCustomizationPutChecksumInUserID>false</makeCustomizationPutChecksumInUserID>
        <makeCustomizationEnableLongLines>false</makeCustomizationEnableLongLines>
        <makeCustomizationNormalizeHexFile>true</makeCustomizationNormalizeHexFile>
      </makeCustomizationType>
      <item path="../General/MM_Misc.c" ex="false" overriding="false">
        <C32>
          <property key="additional-warnings" value="true"/>
          <property key="enable-app-io" value="false"/>
          <property key="enable-omit-frame-pointer" value="false"/>
          <property key="enable-symbols" value="true"/>
          <property key="enable-unroll-loops" value="false"/>
          <property key="exclude-floating-point" value="false"/>
          <property key="extra-include-directories" value=""/>
          <property key="generate-16-bit-code" value="false"/>
          <property key="generate-micro-compressed-code" value="false"/>
          <property key="isolate-each-function" value="false"/>
          <property key="make-warnings-into-errors" value="false"/>
          <property key="optimization-level" value=""/>
          <property key="place-data-into-section" value="false"/>
          <property key="post-instruction-scheduling" value="default"/>
          <property key="pre-instruction-scheduling" value="default"/>
          <property key="preprocessor-macros" value=""/>
          <property key="strict-ansi" value="false"/>
          <property key="support-ansi" value="false"/>
          <property key="use-cci" value="false"/>
          <property key="use-iar" value="false"/>
          <property key="use-indirect-calls" value="false"/>
          <appendMe value="-funsigned-char -G3 -minterlink-compressed"/>
        </C32>
        <C32-AR>
          <property key="additional-options-chop-files" value="false"/>
        </C32-AR>
        <C32-AS>
        </C32-AS>
        <C32-LD>
          <property key="additional-options-use-response-files" value="false"/>
          <property key="enable-check-sections" value="false"/>
          <property key="exclude-floating-point-library" value="false"/>
          <property key="exclude-standard-libraries" value="false"/>
          <property key="extra-lib-directories" value=""/>
          <property key="fill-flash-options-addr" value=""/>
          <property key="fill-flash-options-const" value=""/>
          <property key="fill-flash-options-how" value="0"/>
          <property key="fill-flash-options-inc-const" value="1"/>
          <property key="fill-flash-options-increment" value=""/>
          <property key="fill-flash-options-seq" value=""/>
          <property key="fill-flash-options-what" value="0"/>
          <property key="generate-16-bit-code" value="false"/>
          <property key="generate-cross-reference-file" value="false"/>
          <property key="generate-micro-compressed-code" value="false"/>
          <property key="heap-size" value=""/>
          <property key="input-libraries" value=""/>
          <property key="linker-symbols" value=""/>
          <property key="map-file" value="${DISTDIR}/${PROJECTNAME}.${IMAGE_TYPE}.map"/>
          <property key="no-startup-files" value="false"/>
          <property key="oXC32ld-extra-opts" value=""/>
          <property key="optimization-level" value=""/>
          <property key="preprocessor-macros" value=""/>
          <property key="remove-unused-sections" value="false"/>
          <property key="report-memory-usage" value="false"/>
          <property key="stack-size" value="6144"/>
          <property key="symbol-stripping" value=""/>
          <property key="trace-symbols" value=""/>
          <property key="warn-section-align" value="false"/>
        </C32-LD>
        <C32CPP>
          <property key="additional-warnings" value="false"/>
          <property key="check-new" value="false"/>
          <property key="eh-specs" value="true"/>
          <property key="enable-app-io" value="false"/>
          <property key="enable-omit-frame-pointer" value="false"/>
          <property key="enable-symbols" value="true"/>
          <property key="enable-unroll-loops" value="false"/>
          <property key="exceptions" value="true"/>
          <property key="exclude-floating-point" value="false"/>
          <property key="extra-include-directories" value=""/>
          <property key="generate-16-bit-code" value="false"/>
          <property key="generate-micro-compressed-code" value="false"/>
          <property key="isolate-each-function" value="false"/>
          <property key="make-warnings-into-errors" value="false"/>
          <property key="optimization-level" value=""/>
          <property key="place-data-into-section" value="false"/>
          <property key="post-instruction-scheduling" value="default"/>
          <property key="pre-instruction-scheduling" value="default"/>
          <property key="preprocessor-macros" value=""/>
          <property key="rtti" value="true"/>
          <property key="strict-ansi" value="false"/>
          <property key="use-cci" value="false"/>
          <property key="use-iar" value="false"/>
          <property key="use-indirect-calls" value="false"/>
        </C32CPP>
        <C32Global>
          <property key="common-include-directories" value=""/>
          <property key="gp-relative-option" value=""/>
          <property key="legacy-libc" value="false"/>
          <property key="relaxed-math" value="false"/>
          <property key="save-temps" value="false"/>
          <property key="wpo-lto" value="false"/>
        </C32Global>
      </item>
      <item path="../General/Timers.c" ex="false" overriding="false">
        <C32>
          <property key="additional-warnings" value="true"/>
          <property key="enable-app-io" value="false"/>
          <property key="enable-omit-frame-pointer" value="false"/>
          <property key="enable-symbols" value="true"/>
          <property key="enable-unroll-loops" value="false"/>
          <property key="exclude-floating-point" value="false"/>
          <property key="extra-include-directories" value=""/>
          <property key="generate-16-bit-code" value="false"/>
          <property key="generate-micro-compressed-code" value="false"/>
          <property key="isolate-each-function" value="false"/>
          <property key="make-warnings-into-errors" value="false"/>
          <property key="optimization-level" value=""/>
          <property key="place-data-into-section" value="false"/>
          <property key="post-instruction-scheduling" value="default"/>
          <property key="pre-instruction-scheduling" value="default"/>
          <property key="preprocessor-macros" value=""/>
          <property key="strict-ansi" value="false"/>
          <property key="support-ansi" value="false"/>
          <property key="use-cci" value="false"/>
          <property key="use-iar" value="false"/>
          <property key="use-indirect-calls" value="false"/>
          <appendMe value="-funsigned-char -G3 -minterlink-compressed"/>
        </C32>
        <C32-AR>
          <property key="additional-options-chop-files" value="false"/>
        </C32-AR>
        <C32-AS>
        </C32-AS>
        <C32-LD>
          <property key="additional-options-use-response-files" value="false"/>
          <property key="enable-check-sections" value="false"/>
          <property key="exclude-floating-point-library" value="false"/>
          <property key="exclude-standard-libraries" value="false"/>
          <property key="extra-lib-directories" value=""/>
          <property key="fill-flash-options-addr" value=""/>
          <property key="fill-flash-options-const" value=""/>
          <property key="fill-flash-options-how" value="0"/>
          <property key="fill-flash-options-inc-const" value="1"/>
          <property key="fill-flash-options-increment" value=""/>
          <property key="fill-flash-options-seq" value=""/>
          <property key="fill-flash-options-what" value="0"/>
          <property key="generate-16-bit-code" value="false"/>
          <property key="generate-cross-reference-file" value="false"/>
          <property key="generate-micro-compressed-code" value="false"/>
          <property key="heap-size" value=""/>
          <property key="input-libraries" value=""/>
          <property key="linker-symbols" value=""/>
          <property key="map-file" value="${DISTDIR}/${PROJECTNAME}.${IMAGE_TYPE}.map"/>
          <property key="no-startup-files" value="false"/>
          <property key="oXC32ld-extra-opts" value=""/>
          <property key="optimization-level" value=""/>
          <property key="preprocessor-macros" value=""/>
          <property key="remove-unused-sections" value="false"/>
          <property key="report-memory-usage" value="false"/>
          <property key="stack-size" value="6144"/>
          <property key="symbol-stripping" value=""/>
          <property key="trace-symbols" value=""/>
          <property key="warn-section-align" value="false"/>
        </C32-LD>
        <C32CPP>
          <property key="additional-warnings" value="false"/>
          <property key="check-new" value="false"/>
          <property key="eh-specs" value="true"/>
          <property key="enable-app-io" value="false"/>
          <property key="enable-omit-frame-pointer" value="false"/>
          <property key="enable-symbols" value="true"/>
          <property key="enable-unroll-loops" value="false"/>
          <property key="exceptions" value="true"/>
          <property key="exclude-floating-point" value="false"/>
          <property key="extra-include-directories" value=""/>
          <property key="generate-16-bit-code" value="false"/>
          <property key="generate-micro-compressed-code" value="false"/>
          <property key="isolate-each-function" value="false"/>
          <property key="make-warnings-into-errors" value="false"/>
          <property key="optimization-level" value=""/>
          <property key="place-data-into-section" value="false"/>
          <property key="post-instruction-scheduling" value="default"/>
          <property key="pre-instruction-scheduling" value="default"/>
          <property key="preprocessor-macros" value=""/>
          <property key="rtti" value="true"/>
          <property key="strict-ansi" value="false"/>
          <property key="use-cci" value="false"/>
          <property key="use-iar" value="false"/>
          <property key="use-indirect-calls" value="false"/>
        </C32CPP>
        <C32Global>
          <property key="common-include-directories" value=""/>
          <property key="gp-relative-option" value=""/>
          <property key="legacy-libc" value="false"/>
          <property key="relaxed-math" value="false"/>
          <property key="save-temps" value="false"/>
          <property key="wpo-lto" value="false"/>
        </C32Global>
      </item>
      <item path="../MX470/SDCard/Microchip/MDD File System/FSIO.c"
            ex="false"
            overriding="true">
        <C32>
          <property key="additional-warnings" value="true"/>
          <property key="enable-app-io" value="false"/>
          <property key="enable-omit-frame-pointer" value="false"/>
          <property key="enable-symbols" value="true"/>
          <property key="enable-unroll-loops" value="false"/>
          <property key="exclude-floating-point" value="false"/>
          <property key="extra-include-directories" value=""/>
          <property key="generate-16-bit-code" value="false"/>
          <property key="generate-micro-compressed-code" value="false"/>
          <property key="isolate-each-function" value="false"/>
          <property key="make-warnings-into-errors" value="false"/>
          <property key="optimization-level" value=""/>
          <property key="place-data-into-section" value="false"/>
          <property key="post-instruction-scheduling" value="default"/>
          <property key="pre-instruction-scheduling" value="default"/>
          <property key="preprocessor-macros"
                    value="_DISABLE_OPENADC10_CONFIGPORT_WARNING"/>
          <property key="strict-ansi" value="false"/>
          <property key="support-ansi" value="false"/>
          <property key="use-cci" value="false"/>
          <property key="use-iar" value="false"/>
          <property key="use-indirect-calls" value="false"/>
          <appendMe value="-funsigned-char -G3 -Wno-unused-but-set-variable"/>
        </C32>
        <C32-AR>
          <property key="additional-options-chop-files" value="false"/>
        </C32-AR>
        <C32-AS>
        </C32-AS>
        <C32-LD>
          <property key="additional-options-use-response-files" value="false"/>
          <property key="enable-check-sections" value="false"/>
          <property key="exclude-floating-point-library" value="false"/>
          <property key="exclude-standard-libraries" value="false"/>
          <property key="extra-lib-directories" value=""/>
          <property key="fill-flash-options-addr" value=""/>
          <property key="fill-flash-options-const" value=""/>
          <property key="fill-flash-options-how" value="0"/>
          <property key="fill-flash-options-inc-const" value="1"/>
          <property key="fill-flash-options-increment" value=""/>
          <property key="fill-flash-options-seq" value=""/>
          <property key="fill-flash-options-what" value="0"/>
          <property key="generate-16-bit-code" value="false"/>
          <property key="generate-cross-reference-file" value="false"/>
          <property key="generate-micro-compressed-code" value="false"/>
          <property key="heap-size" value=""/>
          <property key="input-libraries" value=""/>
          <property key="linker-symbols" value=""/>
          <property key="map-file" value="${DISTDIR}/${PROJECTNAME}.${IMAGE_TYPE}.map"/>
          <property key="no-startup-files" value="false"/>
          <property key="oXC32ld-extra-opts" value=""/>
          <property key="optimization-level" value=""/>
          <property key="preprocessor-macros" value=""/>
          <property key="remove-unused-sections" value="false"/>
          <property key="report-memory-usage" value="false"/>
          <property key="stack-size" value=""/>
          <property key="symbol-stripping" value=""/>
          <property key="trace-symbols" value=""/>
          <property key="warn-section-align" value="false"/>
        </C32-LD>
        <C32CPP>
          <property key="additional-warnings" value="false"/>
          <property key="check-new" value="false"/>
          <property key="eh-specs" value="true"/>
          <property key="enable-app-io" value="false"/>
          <property key="enable-omit-frame-pointer" value="false"/>
          <property key="enable-symbols" value="true"/>
          <property key="enable-unroll-loops" value="false"/>
          <property key="exceptions" value="true"/>
          <property key="exclude-floating-point" value="false"/>
          <property key="extra-include-directories" value=""/>
          <property key="generate-16-bit-code" value="false"/>
          <property key="generate-micro-compressed-code" value="false"/>
          <property key="isolate-each-function" value="false"/>
          <property key="make-warnings-into-errors" value="false"/>
          <property key="optimization-level" value=""/>
          <property key="place-data-into-section" value="false"/>
          <property key="post-instruction-scheduling" value="default"/>
          <property key="pre-instruction-scheduling" value="default"/>
          <property key="preprocessor-macros" value=""/>
          <property key="rtti" value="true"/>
          <property key="strict-ansi" value="false"/>
          <property key="use-cci" value="false"/>
          <property key="use-iar" value="false"/>
          <property key="use-indirect-calls" value="false"/>
        </C32CPP>
        <C32Global>
          <property key="common-include-directories" value=""/>
          <property key="gp-relative-option" value=""/>
          <property key="legacy-libc" value="false"/>
          <property key="relaxed-math" value="false"/>
          <property key="save-temps" value="false"/>
          <property key="wpo-lto" value="false"/>
        </C32Global>
      </item>
      <C32>
        <property key="additional-warnings" value="true"/>
        <property key="addresss-attribute-use" value="false"/>
        <property key="enable-app-io" value="false"/>
        <property key="enable-omit-frame-pointer" value="false"/>
        <property key="enable-symbols" value="true"/>
        <property key="enable-unroll-loops" value="false"/>
        <property key="exclude-floating-point" value="false"/>
        <property key="extra-include-directories" value=""/>
        <property key="generate-16-bit-code" value="false"/>
        <property key="generate-micro-compressed-code" value="false"/>
        <property key="isolate-each-function" value="false"/>
        <property key="make-warnings-into-errors" value="false"/>
        <property key="optimization-level" value="-Os"/>
        <property key="place-data-into-section" value="false"/>
        <property key="post-instruction-scheduling" value="default"/>
        <property key="pre-instruction-scheduling" value="default"/>
        <property key="preprocessor-macros"
                  value="_DISABLE_OPENADC10_CONFIGPORT_WARNING"/>
        <property key="strict-ansi" value="false"/>
        <property key="support-ansi" value="false"/>
        <property key="toplevel-reordering" value=""/>
        <property key="use-cci" value="false"/>
        <property key="use-iar" value="false"/>
        <property key="use-indirect-calls" value="false"/>
        <appendMe value="-funsigned-char -G3 -minterlink-compressed -Wno-unused-but-set-variable -Wno-pointer-arith"/>
      </C32>
      <C32-AR>
        <property key="additional-options-chop-files" value="false"/>
      </C32-AR>
      <C32-AS>
        <property key="assembler-symbols" value=""/>
        <property key="enable-symbols" value="true"/>
        <property key="exclude-floating-point-library" value="false"/>
        <property key="expand-macros" value="false"/>
        <property key="extra-include-directories-for-assembler" value=""/>
        <property key="extra-include-directories-for-preprocessor" value=""/>
        <property key="false-conditionals" value="false"/>
        <property key="generate-16-bit-code" value="false"/>
        <property key="generate-micro-compressed-code" value="false"/>
        <property key="keep-locals" value="false"/>
        <property key="list-assembly" value="false"/>
        <property key="list-source" value="false"/>
        <property key="list-symbols" value="false"/>
        <property key="oXC32asm-list-to-file" value="false"/>
        <property key="omit-debug-dirs" value="false"/>
        <property key="omit-forms" value="false"/>
        <property key="preprocessor-macros" value=""/>
        <property key="warning-level" value=""/>
      </C32-AS>
      <C32-LD>
        <property key="additional-options-use-response-files" value="false"/>
        <property key="allocate-dinit" value="false"/>
        <property key="code-dinit" value="false"/>
        <property key="ebase-addr" value=""/>
        <property key="enable-check-sections" value="false"/>
        <property key="exclude-floating-point-library" value="false"/>
        <property key="exclude-standard-libraries" value="false"/>
        <property key="extra-lib-directories" value=""/>
        <property key="fill-flash-options-addr" value=""/>
        <property key="fill-flash-options-const" value=""/>
        <property key="fill-flash-options-how" value="0"/>
        <property key="fill-flash-options-inc-const" value="1"/>
        <property key="fill-flash-options-increment" value=""/>
        <property key="fill-flash-options-seq" value=""/>
        <property key="fill-flash-options-what" value="0"/>
        <property key="generate-16-bit-code" value="false"/>
        <property key="generate-cross-reference-file" value="false"/>
        <property key="generate-micro-compressed-code" value="false"/>
        <property key="heap-size" value=""/>
        <property key="input-libraries" value=""/>
        <property key="kseg-length" value=""/>
        <property key="kseg-origin" value=""/>
        <property key="linker-symbols" value=""/>
        <property key="map-file" value="${DISTDIR}/${PROJECTNAME}.${IMAGE_TYPE}.map"/>
        <property key="no-startup-files" value="false"/>
        <property key="oXC32ld-extra-opts" value=""/>
        <property key="optimization-level" value=""/>
        <property key="preprocessor-macros" value="BOOTLOADER_APP"/>
        <property key="remove-unused-sections" value="false"/>
        <property key="report-memory-usage" value="false"/>
        <property key="serial-length" value=""/>
        <property key="serial-origin" value=""/>
        <property key="stack-size" value="8192"/>
        <property key="symbol-stripping" value=""/>
        <property key="trace-symbols" value=""/>
        <property key="warn-section-align" value="false"/>
      </C32-LD>
      <C32CPP>
        <property key="additional-warnings" value="false"/>
        <property key="addresss-attribute-use" value="false"/>
        <property key="check-new" value="false"/>
        <property key="eh-specs" value="true"/>
        <property key="enable-app-io" value="false"/>
        <property key="enable-omit-frame-pointer" value="false"/>
        <property key="enable-symbols" value="true"/>
        <property key="enable-unroll-loops" value="false"/>
        <property key="exceptions" value="true"/>
        <property key="exclude-floating-point" value="false"/>
        <property key="extra-include-directories" value=""/>
        <property key="generate-16-bit-code" value="false"/>
        <property key="generate-micro-compressed-code" value="false"/>
        <property key="isolate-each-function" value="false"/>
        <property key="make-warnings-into-errors" value="false"/>
        <property key="optimization-level" value=""/>
        <property key="place-data-into-section" value="false"/>
        <property key="post-instruction-scheduling" value="default"/>
        <property key="pre-instruction-scheduling" value="default"/>
        <property key="preprocessor-macros" value=""/>
        <property key="rtti" value="true"/>
        <property key="strict-ansi" value="false"/>
        <property key="toplevel-reordering" value=""/>
        <property key="use-cci" value="false"/>
        <property key="use-iar" value="false"/>
        <property key="use-indirect-calls" value="false"/>
      </C32CPP>
      <C32Global>
        <property key="common-include-directories" value=""/>
        <property key="gp-relative-option" value=""/>
        <property key="legacy-libc" value="false"/>
        <property key="relaxed-math" value="false"/>
        <property key="save-temps" value="false"/>
        <property key="wpo-lto" value="false"/>
      </C32Global>
      <ICD3PlatformTool>
        <property key="ADC 1" value="true"/>
        <property key="AutoSelectMemRanges" value="auto"/>
        <property key="CHANGE NOTICE" value="true"/>
        <property key="COMPARATOR" value="true"/>
        <property key="CTMU" value="true"/>
        <property key="DMA" value="true"/>
        <property key="Freeze All Other Peripherals" value="true"/>
        <property key="I2C1" value="true"/>
        <property key="I2C2" value="true"/>
        <property key="INPUT CAPTURE 1" value="true"/>
        <property key="INPUT CAPTURE 2" value="true"/>
        <property key="INPUT CAPTURE 3" value="true"/>
        <property key="INPUT CAPTURE 4" value="true"/>
        <property key="INPUT CAPTURE 5" value="true"/>
        <property key="INTERRUPT CONTROL" value="true"/>
        <property key="OUTPUT COMPARE 1" value="true"/>
        <property key="OUTPUT COMPARE 2" value="true"/>
        <property key="OUTPUT COMPARE 3" value="true"/>
        <property key="OUTPUT COMPARE 4" value="true"/>
        <property key="OUTPUT COMPARE 5" value="true"/>
        <property key="PARALLEL MASTER/SLAVE PORT" value="true"/>
        <property key="REAL TIME CLOCK" value="true"/>
        <property key="SPI/I2S 1" value="true"/>
        <property key="SPI/I2S 2" value="true"/>
        <property key="SecureSegment.SegmentProgramming" value="FullChipProgramming"/>
        <property key="TIMER1" value="true"/>
        <property key="TIMER2" value="true"/>
        <property key="TIMER3" value="true"/>
        <property key="TIMER4" value="true"/>
        <property key="TIMER5" value="true"/>
        <property key="ToolFirmwareFilePath"
                  value="Press to browse for a specific firmware version"/>
        <property key="ToolFirmwareOption.UseLatestFirmware" value="true"/>
        <property key="UART1" value="true"/>
        <property key="UART2" value="true"/>
        <property key="UART3" value="true"/>
        <property key="UART4" value="true"/>
        <property key="UART5" value="true"/>
        <property key="USB" value="true"/>
        <property key="debugoptions.useswbreakpoints" value="false"/>
        <property key="hwtoolclock.frcindebug" value="false"/>
        <property key="memories.aux" value="false"/>
        <property key="memories.bootflash" value="false"/>
        <property key="memories.configurationmemory" value="true"/>
        <property key="memories.configurationmemory2" value="true"/>
        <property key="memories.dataflash" value="true"/>
        <property key="memories.eeprom" value="true"/>
        <property key="memories.flashdata" value="true"/>
        <property key="memories.id" value="true"/>
        <property key="memories.instruction.ram" value="true"/>
        <property key="memories.instruction.ram.end"
                  value="${memories.instruction.ram.end.value}"/>
        <property key="memories.instruction.ram.start"
                  value="${memories.instruction.ram.start.value}"/>
        <property key="memories.programmemory" value="true"/>
        <property key="memories.programmemory.end" value="0x1d07ffff"/>
        <property key="memories.programmemory.partition2" value="true"/>
        <property key="memories.programmemory.partition2.end"
                  value="${memories.programmemory.partition2.end.value}"/>
        <property key="memories.programmemory.partition2.start"
                  value="${memories.programmemory.partition2.start.value}"/>
        <property key="memories.programmemory.start" value="0x1d000000"/>
        <property key="poweroptions.powerenable" value="false"/>
        <property key="programoptions.donoteraseauxmem" value="false"/>
        <property key="programoptions.eraseb4program" value="true"/>
        <property key="programoptions.preservedataflash" value="false"/>
        <property key="programoptions.preserveeeprom" value="false"/>
        <property key="programoptions.preserveprogramrange" value="false"/>
        <property key="programoptions.preserveprogramrange.end" value="0x1d07ffff"/>
        <property key="programoptions.preserveprogramrange.start" value="0x1d000000"/>
        <property key="programoptions.preserveuserid" value="false"/>
        <property key="programoptions.programcalmem" value="false"/>
        <property key="programoptions.programuserotp" value="false"/>
        <property key="programoptions.testmodeentrymethod" value="VPPFirst"/>
        <property key="programoptions.usehighvoltageonmclr" value="false"/>
        <property key="programoptions.uselvpprogramming" value="false"/>
        <property key="voltagevalue" value="3.25"/>
      </ICD3PlatformTool>
      <PICkit3PlatformTool>
        <property key="ADC 1" value="true"/>
        <property key="AutoSelectMemRanges" value="auto"/>
        <property key="CHANGE NOTICE" value="true"/>
        <property key="COMPARATOR" value="true"/>
        <property key="CTMU" value="true"/>
        <property key="DMA" value="true"/>
        <property key="Freeze All Other Peripherals" value="true"/>
        <property key="I2C1" value="true"/>
        <property key="I2C2" value="true"/>
        <property key="INPUT CAPTURE 1" value="true"/>
        <property key="INPUT CAPTURE 2" value="true"/>
        <property key="INPUT CAPTURE 3" value="true"/>
        <property key="INPUT CAPTURE 4" value="true"/>
        <property key="INPUT CAPTURE 5" value="true"/>
        <property key="INTERRUPT CONTROL" value="true"/>
        <property key="OUTPUT COMPARE 1" value="true"/>
        <property key="OUTPUT COMPARE 2" value="true"/>
        <property key="OUTPUT COMPARE 3" value="true"/>
        <property key="OUTPUT COMPARE 4" value="true"/>
        <property key="OUTPUT COMPARE 5" value="true"/>
        <property key="PARALLEL MASTER/SLAVE PORT" value="true"/>
        <property key="REAL TIME CLOCK" value="true"/>
        <property key="SPI/I2S 1" value="true"/>
        <property key="SPI/I2S 2" value="true"/>
        <property key="SecureSegment.SegmentProgramming" value="FullChipProgramming"/>
        <property key="TIMER1" value="true"/>
        <property key="TIMER2" value="true"/>
        <property key="TIMER3" value="true"/>
        <property key="TIMER4" value="true"/>
        <property key="TIMER5" value="true"/>
        <property key="ToolFirmwareFilePath"
                  value="Press to browse for a specific firmware version"/>
        <property key="ToolFirmwareOption.UseLatestFirmware" value="true"/>
        <property key="UART1" value="true"/>
        <property key="UART2" value="true"/>
        <property key="UART3" value="true"/>
        <property key="UART4" value="true"/>
        <property key="UART5" value="true"/>
        <property key="USB" value="true"/>
        <property key="hwtoolclock.frcindebug" value="false"/>
        <property key="memories.aux" value="false"/>
        <property key="memories.bootflash" value="true"/>
        <property key="memories.configurationmemory" value="true"/>
        <property key="memories.configurationmemory2" value="true"/>
        <property key="memories.dataflash" value="true"/>
        <property key="memories.eeprom" value="true"/>
        <property key="memories.flashdata" value="true"/>
        <property key="memories.id" value="true"/>
        <property key="memories.instruction.ram" value="true"/>
        <property key="memories.instruction.ram.ranges"
                  value="${memories.instruction.ram.ranges}"/>
        <property key="memories.programmemory" value="true"/>
        <property key="memories.programmemory.ranges" value="1d000000-1d07ffff"/>
        <property key="poweroptions.powerenable" value="false"/>
        <property key="programmertogo.imagename" value=""/>
        <property key="programoptions.donoteraseauxmem" value="false"/>
        <property key="programoptions.eraseb4program" value="true"/>
        <property key="programoptions.pgmspeed" value="2"/>
        <property key="programoptions.preservedataflash" value="false"/>
        <property key="programoptions.preservedataflash.ranges"
                  value="${programoptions.preservedataflash.ranges}"/>
        <property key="programoptions.preserveeeprom" value="false"/>
        <property key="programoptions.preserveeeprom.ranges" value=""/>
        <property key="programoptions.preserveprogram.ranges" value=""/>
        <property key="programoptions.preserveprogramrange" value="false"/>
        <property key="programoptions.preserveuserid" value="false"/>
        <property key="programoptions.programcalmem" value="false"/>
        <property key="programoptions.programuserotp" value="false"/>
        <property key="programoptions.testmodeentrymethod" value="VDDFirst"/>
        <property key="programoptions.usehighvoltageonmclr" value="false"/>
        <property key="programoptions.uselvpprogramming" value="false"/>
        <property key="voltagevalue" value="3.25"/>
      </PICkit3PlatformTool>
    </conf>
  </confs>
</configurationDescriptor>
